{
  "aom": "3.12.1",
  "archive": "3.8.1",
  "cairo": "1.18.4",
  "cgif": "0.5.0",
  "exif": "0.6.25",
  "expat": "2.7.1",
  "ffi": "3.5.1",
  "fontconfig": "2.17.1",
  "freetype": "2.13.3",
  "fribidi": "1.0.16",
  "glib": "2.85.1",
  "harfbuzz": "11.2.1",
  "heif": "1.20.1",
  "highway": "1.2.0",
  "imagequant": "2.4.1",
  "lcms": "2.17",
  "mozjpeg": "4.1.5",
  "pango": "1.56.4",
  "pixman": "0.46.2",
  "png": "1.6.50",
  "proxy-libintl": "0.4",
  "rsvg": "2.60.0",
  "spng": "0.7.4",
  "tiff": "4.7.0",
  "vips": "8.17.1",
  "webp": "1.5.0",
  "xml2": "2.14.4",
  "zlib-ng": "2.2.4"
}